"stfdem","male","agea","eduyrs","mbtru","hinctnta","ppltrst","clsprty","age15"
7,0,49,17,1,4,8,0,34
6,0,45,18,1,2,4,0,30
3,1,76,10,1,2,8,1,61
7,1,50,9,0,6,8,0,35
1,1,67,10,0,1,6,0,52
1,0,31,11,1,5,2,0,16
5,0,34,13,0,10,3,1,19
7,0,44,11,1,2,9,0,29
7,1,32,10,0,6,3,1,17
4,1,58,9,1,7,7,0,43
7,1,48,16,0,7,7,1,33
2,1,15,11,0,,5,0,0
2,1,53,15,0,,2,0,38
9,0,65,14,0,4,8,1,50
5,1,41,12,1,8,7,0,26
6,0,40,18,0,,7,1,25
7,1,91,9,1,3,8,1,76
0,0,48,11,1,6,0,1,33
10,0,39,21,0,10,8,0,24
1,1,49,12,1,1,8,0,34
8,1,29,18,0,3,5,0,14
4,1,36,21,0,10,8,1,21
5,0,52,17,1,3,6,0,37
5,1,32,18,0,7,7,1,17
5,0,67,10,0,4,8,0,52
4,1,50,11,1,8,3,0,35
3,1,43,16,1,7,3,0,28
3,1,65,9,0,6,2,0,50
5,1,93,11,1,3,3,1,78
,0,29,13,0,2,6,0,14
5,1,64,9,0,4,6,1,49
7,1,65,12,1,5,5,1,50
1,1,65,8,0,2,7,1,50
,0,72,10,0,2,0,0,57
8,1,55,17,0,8,5,1,40
7,1,19,13,0,1,7,0,4
3,1,78,12,1,5,5,0,63
7,1,38,17,0,5,1,1,23
3,0,41,16,1,10,7,0,26
7,1,37,14,1,5,7,1,22
4,0,59,13,0,4,8,0,44
8,1,47,15,0,10,6,1,32
1,1,61,11,1,4,5,0,46
6,0,52,16,1,9,7,0,37
8,1,58,13,0,6,7,1,43
1,0,54,11,1,5,6,0,39
4,1,49,12,0,7,5,0,34
3,1,53,11,1,9,4,1,38
0,0,34,15,0,8,5,0,19
9,1,58,10,1,4,4,1,43
10,1,21,18,1,8,7,1,6
,0,16,11,0,,2,,1
8,0,85,16,1,4,8,1,70
3,0,54,19,1,4,5,1,39
9,0,37,11,0,7,6,1,22
5,0,,13,0,1,4,0,
8,0,69,16,1,6,8,1,54
5,0,30,11,0,,2,0,15
10,1,60,10,1,5,7,1,45
7,1,64,10,1,7,5,1,49
6,1,66,10,1,6,8,1,51
8,0,78,13,0,,5,1,63
4,0,69,16,1,2,0,1,54
0,0,61,12,0,3,3,0,46
5,1,72,10,1,9,5,0,57
3,1,36,19,0,10,5,1,21
6,0,30,18,1,10,3,0,15
4,1,34,17,0,6,7,0,19
9,1,31,18,0,,4,1,16
5,1,63,18,1,9,7,1,48
3,0,26,17,0,3,8,0,11
8,0,68,15,0,10,8,1,53
5,0,75,10,0,,6,0,60
2,1,50,13,1,5,7,1,35
6,0,40,17,1,10,6,1,25
5,0,22,14,1,8,5,0,7
2,1,26,17,0,9,7,0,11
2,0,27,15,0,4,10,0,12
7,0,68,16,1,,5,1,53
6,1,18,11,0,8,7,1,3
7,1,54,12,1,5,5,0,39
5,1,74,17,1,3,3,1,59
4,1,69,10,0,3,5,1,54
8,0,31,16,0,10,6,0,16
5,0,27,12,0,3,3,0,12
5,0,88,10,0,2,6,1,73
10,0,85,13,1,,10,0,70
9,0,77,15,1,9,6,1,62
5,1,28,18,0,,6,0,13
2,1,29,18,0,4,5,0,14
3,1,80,11,1,,2,1,65
9,0,58,19,0,7,6,1,43
8,0,50,15,0,9,3,1,35
,0,47,14,0,3,5,1,32
6,0,16,13,0,,6,0,1
,0,79,9,0,,5,0,64
0,0,55,11,1,1,0,1,40
5,1,55,12,1,,6,1,40
5,0,37,14,1,2,5,0,22
5,0,34,18,1,3,7,1,19
4,0,74,11,0,3,6,1,59
7,1,67,11,1,2,5,0,52
7,0,40,19,1,9,4,0,25
2,0,55,11,0,8,5,0,40
,0,53,12,0,8,5,0,38
3,1,73,15,1,5,5,0,58
4,0,60,10,1,4,5,1,45
5,0,26,21,0,9,6,0,11
7,0,73,16,1,,6,1,58
6,0,83,12,0,4,7,1,68
7,0,86,13,1,3,9,0,71
7,1,34,13,1,9,6,1,19
4,0,79,13,0,2,8,0,64
4,1,35,15,1,4,4,1,20
,1,15,11,0,,1,0,0
2,0,64,17,0,2,6,1,49
7,1,40,16,0,7,8,0,25
8,0,64,12,0,7,7,1,49
5,1,56,16,0,10,7,1,41
3,0,66,9,0,2,6,1,51
7,1,46,20,0,10,7,1,31
3,1,69,15,1,2,5,0,54
8,1,67,11,1,2,2,1,52
4,1,59,10,1,1,4,0,44
8,0,52,18,0,1,3,1,37
8,1,67,10,1,3,7,1,52
2,0,67,12,1,,8,1,52
8,1,51,19,0,10,6,0,36
5,0,47,19,1,10,8,0,32
6,1,68,10,1,2,5,0,53
2,1,65,10,0,1,6,0,50
4,0,30,10,0,1,3,0,15
8,1,66,13,1,3,7,1,51
8,0,84,10,,2,5,1,69
4,1,37,15,1,6,8,0,22
3,0,60,11,1,,8,0,45
8,0,17,13,0,,6,0,2
0,1,60,11,1,4,6,0,45
8,1,70,20,0,5,7,1,55
6,1,73,10,0,1,1,1,58
3,0,72,9,0,1,7,1,57
8,0,67,14,0,9,5,,52
5,1,49,11,1,2,5,1,34
1,0,39,19,0,6,4,1,24
3,1,61,15,1,3,5,1,46
2,0,31,14,0,1,3,0,16
6,0,38,12,1,10,5,0,23
7,0,56,13,0,3,6,1,41
8,1,62,17,1,6,8,0,47
4,1,70,14,1,6,5,1,55
1,1,50,20,1,9,5,0,35
10,1,26,17,0,1,10,0,11
4,0,51,11,0,1,7,1,36
8,0,20,16,0,1,8,1,5
8,0,68,12,1,3,9,1,53
5,1,76,10,0,2,6,1,61
1,0,47,13,0,1,5,0,32
9,0,46,9,0,2,4,1,31
10,1,58,,0,1,8,1,43
5,1,17,12,0,,5,0,2
3,0,53,18,0,10,3,0,38
4,0,35,13,0,3,4,1,20
9,0,84,15,0,6,4,1,69
8,1,93,0,1,2,5,1,78
2,0,43,11,0,3,0,0,28
8,1,41,11,0,2,6,1,26
8,1,32,20,0,1,6,1,17
5,0,93,9,1,2,7,1,78
,0,51,11,0,,7,0,36
0,0,58,11,1,7,1,0,43
8,0,33,16,0,10,7,1,18
,1,90,9,1,,8,1,75
10,1,23,9,0,1,3,0,8
8,0,65,10,0,7,5,1,50
9,0,73,17,1,2,5,1,58
7,1,57,15,1,9,8,0,42
10,1,59,7,1,5,7,0,44
10,0,84,9,0,1,6,1,69
5,0,76,10,1,1,7,1,61
6,0,33,18,0,2,7,1,18
7,1,80,10,0,1,5,0,65
4,0,80,10,0,1,5,1,65
3,0,36,13,0,1,7,0,21
6,0,39,20,1,9,8,0,24
0,0,35,12,0,2,0,0,20
4,1,45,17,1,8,4,0,30
5,0,19,13,0,,7,0,4
6,0,83,9,1,2,8,1,68
,1,70,10,0,4,5,1,55
5,0,84,8,0,,8,0,69
5,1,29,11,0,2,6,0,14
1,0,56,11,1,6,6,1,41
3,0,52,11,1,6,8,0,37
8,1,41,12,1,3,8,0,26
4,1,55,17,1,10,6,1,40
3,0,30,16,1,9,8,1,15
6,1,82,9,1,1,7,0,67
7,1,72,20,0,10,10,1,57
8,1,83,9,1,2,4,0,68
3,1,56,18,1,10,4,0,41
5,1,36,13,0,8,5,1,21
8,0,85,11,0,2,6,1,70
0,1,70,12,1,,1,1,55
8,1,66,2,1,2,5,1,51
8,1,35,11,0,8,6,1,20
5,0,35,11,0,3,5,0,20
7,0,24,13,0,1,7,0,9
5,1,56,16,1,,3,0,41
5,0,50,18,1,9,7,1,35
8,0,16,12,0,,7,0,1
9,0,78,7,1,2,8,1,63
4,1,18,11,0,10,6,0,3
5,1,27,19,0,3,7,0,12
0,0,42,15,0,,5,0,27
8,1,71,13,0,9,6,1,56
4,0,38,17,0,9,5,0,23
5,0,83,9,0,,1,0,68
8,1,81,19,1,9,8,1,66
6,1,64,16,1,4,5,0,49
10,0,67,11,0,2,5,0,52
7,1,58,14,0,,5,0,43
5,1,17,13,0,5,4,1,2
8,0,80,11,0,7,8,1,65
,0,49,12,0,1,3,0,34
3,0,31,18,1,10,4,1,16
5,1,63,20,1,7,0,0,48
3,0,32,15,0,1,9,0,17
8,0,67,11,1,8,2,0,52
8,0,61,11,1,5,7,1,46
2,0,24,17,0,4,0,1,9
1,0,20,11,0,1,1,1,5
6,1,70,,1,3,7,1,55
5,0,28,10,0,1,0,0,13
5,1,48,14,0,2,4,0,33
7,0,55,10,0,5,5,0,40
9,1,56,11,0,5,7,1,41
5,0,40,20,0,8,8,0,25
5,1,74,9,1,2,2,1,59
2,1,52,11,0,1,5,0,37
7,0,66,24,1,2,6,,51
2,1,39,13,1,1,7,1,24
6,0,26,12,1,3,7,1,11
8,1,58,11,1,8,7,0,43
6,1,59,17,1,4,3,1,44
5,0,34,19,1,10,5,0,19
0,0,82,11,0,,5,0,67
3,1,50,14,1,6,3,1,35
4,0,31,18,0,3,3,0,16
,0,28,13,0,4,7,0,13
8,0,66,12,1,7,7,1,51
2,0,57,11,0,7,6,0,42
0,1,52,20,1,5,6,0,37
10,0,26,15,0,,5,0,11
1,1,70,10,1,5,6,1,55
8,0,67,15,0,3,4,0,52
7,0,56,19,1,6,6,1,41
0,0,26,13,0,5,1,0,11
7,0,47,10,0,8,8,0,32
8,1,73,14,0,2,8,0,58
3,0,35,20,0,10,3,0,20
6,1,87,9,1,1,0,0,72
5,0,71,11,1,1,10,1,56
6,1,40,18,0,10,4,1,25
8,1,66,13,1,2,8,0,51
9,1,60,13,1,8,7,1,45
3,1,53,12,0,1,8,1,38
5,0,63,11,1,9,5,1,48
0,1,40,11,0,2,0,0,25
8,0,75,12,0,2,8,1,60
7,1,28,13,0,,5,0,13
5,0,45,16,1,10,8,1,30
7,0,28,15,1,7,6,1,13
6,0,69,18,0,2,8,1,54
8,1,45,17,1,6,7,1,30
3,0,44,12,0,7,5,0,29
1,0,52,11,0,1,5,0,37
,0,28,13,1,3,1,0,13
5,1,26,1,0,4,5,1,11
3,0,54,13,1,5,7,0,39
8,0,61,10,1,4,5,1,46
4,0,72,20,1,2,7,1,57
5,0,,13,1,5,5,1,
5,0,64,11,0,2,0,0,49
8,1,16,9,0,,9,0,1
5,0,46,11,0,6,3,0,31
4,0,25,14,0,5,5,0,10
0,1,49,10,0,10,2,0,34
7,1,36,18,0,10,5,1,21
,0,53,12,0,2,5,0,38
9,0,37,17,0,10,8,1,22
7,1,38,13,1,5,4,0,23
5,1,67,9,0,5,5,1,52
2,1,47,12,0,5,5,1,32
3,1,44,8,0,,7,1,29
,1,16,11,0,3,7,0,1
7,0,70,10,1,3,0,0,55
5,0,45,13,0,9,4,0,30
1,0,50,11,1,1,1,0,35
9,1,70,15,0,4,5,1,55
2,0,29,16,0,6,4,1,14
6,0,62,11,0,5,5,1,47
3,0,66,13,0,3,9,1,51
8,0,54,16,0,,0,0,39
7,0,62,11,0,,6,1,47
7,0,23,14,1,4,7,1,8
3,1,74,10,1,1,5,1,59
10,1,35,18,0,6,8,1,20
8,1,32,15,1,4,6,0,17
5,1,64,11,1,,5,0,49
,0,82,9,1,1,5,1,67
6,1,60,13,1,1,6,0,45
4,0,40,14,0,5,4,1,25
3,0,60,15,1,9,5,0,45
4,1,62,10,1,1,5,1,47
0,0,60,13,0,1,8,1,45
5,1,15,10,0,4,2,0,0
8,1,53,15,1,10,6,1,38
5,1,35,17,1,6,3,1,20
4,1,76,10,0,4,3,1,61
6,1,36,14,0,5,5,1,21
10,0,64,13,0,3,7,1,49
2,0,70,16,1,5,8,1,55
6,1,32,9,0,3,5,0,17
,1,51,15,0,6,5,0,36
6,0,60,17,1,8,5,0,45
5,0,52,12,1,5,7,1,37
0,0,67,10,1,3,6,0,52
,1,60,11,1,2,3,0,45
6,0,32,14,0,1,5,0,17
5,0,33,16,0,6,6,0,18
3,0,74,10,1,,5,1,59
5,0,42,21,1,,9,0,27
7,1,71,12,0,,8,1,56
4,1,50,13,0,3,4,0,35
6,1,19,14,0,3,6,0,4
2,0,66,6,1,7,7,0,51
9,1,71,10,1,2,0,1,56
5,0,81,16,0,5,4,1,66
6,1,46,20,0,1,5,1,31
1,0,79,10,0,1,7,1,64
8,0,72,13,1,,9,1,57
7,0,44,14,0,7,8,0,29
4,1,78,15,0,3,5,1,63
10,0,47,16,0,10,2,1,32
5,0,31,12,0,5,7,0,16
5,1,54,12,1,3,4,1,39
3,1,39,9,0,1,4,1,24
7,1,29,20,1,9,8,0,14
6,0,64,14,0,1,6,0,49
6,0,67,9,0,1,5,0,52
8,1,43,15,0,2,7,0,28
6,1,50,11,0,4,8,1,35
8,1,76,10,0,3,7,1,61
5,0,46,12,0,3,5,0,31
8,0,71,14,0,4,7,1,56
6,1,56,14,1,3,7,0,41
5,0,52,16,0,4,7,0,37
8,0,39,10,0,2,0,0,24
9,0,38,16,0,,7,1,23
6,0,58,10,0,4,2,1,43
2,0,49,13,1,5,3,0,34
5,0,54,12,1,2,5,0,39
,0,,,0,,3,0,
4,0,74,11,1,6,7,1,59
3,0,22,14,0,2,5,1,7
4,1,64,13,0,7,5,1,49
5,1,30,11,0,,8,0,15
7,1,68,10,1,3,6,0,53
1,0,45,14,0,,3,1,30
2,0,42,13,1,8,4,0,27
3,0,51,16,1,4,7,0,36
,0,26,11,0,6,5,1,11
6,1,83,11,1,6,5,1,68
3,0,55,14,0,,3,0,40
5,1,17,11,0,,6,0,2
8,1,58,14,0,3,5,1,43
6,1,63,18,0,8,8,0,48
5,1,41,14,0,2,9,1,26
5,0,60,10,0,9,5,1,45
10,1,55,9,0,2,3,0,40
6,0,70,9,0,,7,1,55
7,0,52,18,1,7,8,0,37
5,0,64,11,0,6,6,0,49
,0,51,16,0,2,0,0,36
5,0,43,17,0,9,8,0,28
6,0,68,10,1,1,6,1,53
2,1,54,11,1,,3,0,39
8,1,45,19,1,9,6,1,30
7,1,75,15,0,8,6,1,60
4,1,86,8,0,,7,1,71
3,0,39,20,1,5,2,0,24
5,0,31,14,1,8,0,0,16
5,0,47,11,0,2,6,0,32
4,1,26,18,0,7,4,0,11
6,0,68,23,1,7,8,1,53
8,1,45,13,0,6,8,0,30
0,1,50,10,0,,0,1,35
3,0,40,16,0,6,8,0,25
7,1,50,18,0,10,4,1,35
2,0,53,17,1,10,7,1,38
1,0,67,11,1,5,6,1,52
0,1,52,14,1,4,5,1,37
8,0,78,11,0,,5,1,63
7,1,63,13,0,9,3,1,48
4,1,56,23,0,10,5,0,41
8,0,64,16,1,5,7,1,49
5,1,78,10,0,1,1,1,63
7,0,40,14,0,2,10,0,25
4,1,45,11,1,5,6,0,30
,0,34,12,0,2,3,0,19
7,0,71,12,1,2,5,1,56
4,1,54,11,0,7,8,1,39
4,1,52,6,0,8,1,1,37
7,1,45,19,0,10,6,0,30
10,1,53,11,1,2,6,1,38
6,0,51,16,0,4,5,1,36
7,1,42,16,0,9,6,0,27
6,0,78,10,1,,4,0,63
8,0,82,11,1,8,5,1,67
2,1,79,16,1,4,8,1,64
2,0,47,,1,,4,1,32
6,1,50,14,1,,5,1,35
4,0,64,10,0,2,6,1,49
3,0,55,11,1,,6,0,40
9,0,39,16,0,10,7,1,24
7,0,46,18,1,4,8,1,31
5,1,71,18,1,2,0,0,56
6,0,61,11,1,6,10,0,46
4,0,74,10,0,2,7,1,59
3,0,47,12,0,,5,1,32
5,0,70,11,1,2,8,0,55
8,0,68,13,1,,5,1,53
5,0,73,10,0,1,4,1,58
7,1,17,12,0,6,4,1,2
6,1,66,11,1,2,5,0,51
8,0,40,16,0,10,8,0,25
3,0,57,14,0,5,4,1,42
6,1,29,22,0,9,7,0,14
3,1,80,11,0,,5,0,65
8,0,45,13,0,6,8,1,30
7,0,47,13,1,2,6,0,32
7,0,32,19,0,4,4,,17
0,0,45,11,1,2,0,1,30
5,0,86,18,1,4,6,1,71
5,1,83,12,1,,8,1,68
8,1,57,24,0,10,8,1,42
2,0,49,11,1,10,7,1,34
4,1,21,14,0,10,7,0,6
8,0,60,15,1,10,5,1,45
,0,62,10,1,,8,0,47
7,1,55,11,0,8,4,1,40
0,0,55,14,0,,0,0,40
8,0,24,17,0,5,5,0,9
6,0,24,11,0,2,3,0,9
2,0,72,10,0,4,10,0,57
9,1,38,12,0,3,5,0,23
3,0,31,11,0,3,5,0,16
5,1,64,16,1,7,8,1,49
6,1,68,13,1,10,5,1,53
4,1,52,27,1,7,5,1,37
8,0,75,11,0,2,8,1,60
7,0,62,13,1,2,3,0,47
1,1,64,10,0,2,10,0,49
6,0,71,10,1,,7,0,56
5,1,32,11,0,1,4,0,17
0,1,67,11,1,,7,0,52
2,1,51,15,1,1,8,1,36
7,1,52,,0,10,5,0,37
7,0,79,10,0,,3,1,64
5,1,85,9,1,2,3,1,70
4,0,68,23,1,7,5,1,53
4,0,68,12,0,,8,0,53
0,0,45,11,1,2,6,0,30
4,1,60,16,1,1,4,0,45
5,1,75,17,0,4,4,1,60
8,1,68,13,1,2,6,1,53
6,1,73,17,1,9,3,1,58
9,0,32,20,0,9,6,0,17
9,1,16,11,0,,7,0,1
8,1,40,19,0,10,5,1,25
8,1,77,10,0,5,3,1,62
0,0,48,10,1,9,3,1,33
0,0,23,14,1,3,3,0,8
1,1,20,16,0,7,6,0,5
0,0,70,10,0,,8,0,55
4,0,84,15,1,,7,0,69
5,0,84,,0,,7,0,69
4,0,63,14,1,5,8,1,48
8,0,63,15,0,5,8,1,48
6,0,92,9,0,,6,1,77
6,0,50,16,0,8,5,1,35
4,0,40,11,0,5,8,1,25
7,0,48,13,1,6,7,0,33
4,1,70,15,0,2,8,0,55
2,0,42,19,0,2,3,1,27
2,1,46,12,0,3,7,0,31
1,0,30,19,1,4,5,1,15
8,0,57,17,0,10,7,1,42
3,0,33,16,0,3,6,0,18
0,1,63,10,0,2,0,0,48
5,0,23,13,1,2,3,0,8
4,0,69,21,1,6,5,1,54
6,1,43,11,1,4,7,0,28
10,0,35,15,0,2,10,0,20
3,1,29,13,0,9,3,1,14
7,0,48,18,0,3,8,0,33
8,1,55,18,0,6,5,1,40
3,0,35,11,0,3,6,0,20
8,0,66,11,0,1,4,1,51
7,0,48,7,0,2,0,0,33
6,0,45,9,0,1,5,1,30
5,0,81,13,0,1,5,0,66
5,1,87,9,1,5,5,0,72
5,1,24,17,0,,8,0,9
10,1,46,16,1,10,6,1,31
4,0,19,14,0,,8,0,4
6,0,87,9,0,1,4,0,72
5,1,68,12,1,5,5,,53
5,0,45,16,1,7,6,1,30
1,1,37,12,0,3,5,0,22
5,1,71,10,1,1,5,1,56
5,0,83,9,1,1,8,1,68
6,0,41,19,0,6,5,0,26
4,0,25,11,0,1,5,0,10
7,1,30,13,0,8,7,1,15
8,0,40,18,0,10,6,0,25
7,0,57,17,0,10,7,0,42
8,1,56,11,1,,2,1,41
2,0,24,16,0,7,8,1,9
4,0,59,19,1,6,5,0,44
7,0,39,21,0,10,7,0,24
4,0,40,15,0,6,0,1,25
1,0,72,12,1,5,1,1,57
5,0,51,11,0,6,4,1,36
8,0,73,11,1,1,7,1,58
3,1,44,11,1,5,7,0,29
4,1,31,18,0,,7,0,16
7,1,45,13,0,4,5,1,30
2,0,42,20,1,,5,1,27
2,1,55,11,1,3,0,0,40
7,1,73,14,1,9,5,1,58
6,1,71,0,1,5,10,1,56
6,0,33,16,1,1,2,1,18
3,0,68,10,1,1,4,1,53
4,1,41,17,1,5,6,0,26
3,0,58,11,1,8,4,1,43
3,0,29,12,1,6,3,0,14
8,0,75,15,1,3,5,0,60
7,0,84,10,0,3,5,1,69
5,0,67,10,1,1,6,0,52
9,1,48,13,0,6,6,1,33
7,1,51,9,0,,8,1,36
6,0,40,17,1,7,7,0,25
7,1,33,14,0,8,7,1,18
7,0,45,12,0,8,5,1,30
7,0,73,10,0,1,7,1,58
2,0,62,21,1,8,7,1,47
4,1,66,10,1,3,3,1,51
7,1,48,14,1,7,8,1,33
7,0,63,13,1,6,5,1,48
7,1,26,14,0,,7,1,11
8,1,36,18,0,10,7,1,21
7,1,37,16,0,10,7,0,22
7,1,30,18,1,7,7,0,15
7,0,39,17,1,8,8,1,24
7,0,35,17,0,9,7,0,20
5,0,70,12,0,3,6,1,55
5,1,19,15,0,1,6,0,4
8,0,47,13,0,3,7,0,32
8,0,26,17,0,3,4,1,11
7,1,39,14,0,3,5,0,24
2,1,61,18,1,6,7,1,46
2,0,56,10,0,,3,1,41
6,0,50,14,0,10,6,0,35
4,0,53,11,0,6,4,0,38
7,0,70,10,0,2,4,1,55
0,1,72,10,0,1,4,0,57
1,1,45,14,1,,5,1,30
1,1,47,12,0,,6,0,32
8,1,68,10,1,1,8,1,53
7,1,30,24,1,,5,0,15
5,1,42,11,0,8,2,0,27
3,0,47,,0,1,2,1,32
6,0,67,11,1,7,5,1,52
3,0,81,9,0,1,7,1,66
5,0,49,13,0,10,5,1,34
9,1,88,15,1,3,8,1,73
7,0,57,28,1,1,7,0,42
7,1,34,12,1,8,5,1,19
6,0,67,10,0,8,8,1,52
7,0,57,14,0,1,7,1,42
5,1,36,13,0,8,5,1,21
7,0,78,18,1,7,8,0,63
7,1,46,13,0,,6,1,31
3,0,73,12,0,,3,1,58
2,1,66,11,1,1,0,1,51
4,1,51,12,1,,4,1,36
3,1,26,20,0,,7,0,11
5,0,60,18,0,10,5,0,45
8,1,58,11,0,9,6,1,43
9,1,47,16,0,,4,0,32
,1,65,10,0,1,5,0,50
2,1,77,10,1,,6,0,62
10,1,63,11,1,1,8,1,48
3,0,61,10,1,2,7,1,46
10,0,78,11,0,2,10,1,63
6,0,81,10,1,2,3,1,66
1,0,64,11,0,2,8,0,49
6,0,63,16,1,4,7,1,48
4,0,69,12,1,2,5,1,54
1,0,35,17,1,4,5,1,20
7,1,55,12,0,1,8,1,40
6,1,29,14,0,,4,0,14
5,0,67,12,1,7,5,1,52
2,0,38,19,1,1,5,0,23
8,0,70,13,1,2,7,0,55
7,1,42,11,1,3,4,1,27
2,0,42,23,1,7,7,0,27
5,1,82,13,0,,2,0,67
4,1,26,19,0,,2,0,11
6,1,37,15,1,7,4,1,22
8,0,67,11,0,1,7,1,52
6,1,37,11,0,10,6,1,22
5,0,47,11,1,4,3,0,32
7,0,61,27,1,3,6,1,46
8,0,,18,0,,7,0,
5,0,44,14,0,5,7,1,29
4,0,24,13,0,6,3,1,9
8,1,35,16,1,9,7,0,20
2,0,50,11,1,7,8,1,35
5,0,39,11,0,,1,0,24
7,0,44,16,0,8,4,1,29
6,0,55,14,1,8,7,1,40
1,0,34,15,0,2,2,0,19
3,1,22,13,0,5,5,0,7
7,1,33,22,0,10,2,1,18
7,0,60,13,1,8,6,0,45
7,1,83,9,1,3,5,0,68
8,1,68,8,0,1,3,0,53
4,0,49,15,1,5,2,1,34
9,0,61,11,0,6,5,1,46
0,1,56,11,1,3,5,0,41
4,0,53,14,0,5,1,0,38
5,0,68,11,1,9,6,1,53
7,0,42,20,1,10,4,0,27
8,1,64,15,1,,7,1,49
5,0,69,11,1,2,7,0,54
4,0,45,10,0,1,6,0,30
2,0,76,10,1,,5,1,61
8,1,41,12,1,9,5,1,26
8,1,48,14,1,6,4,0,33
4,0,55,11,1,,6,1,40
2,1,74,11,1,3,5,1,59
10,1,47,16,0,10,7,1,32
2,0,36,16,1,10,6,1,21
,0,82,9,0,2,6,0,67
2,0,43,11,0,,0,1,28
4,1,52,17,1,2,4,0,37
8,1,44,20,0,10,6,1,29
2,0,50,11,1,3,7,1,35
5,0,40,13,1,3,5,1,25
5,1,52,11,0,,8,0,37
7,1,46,13,0,8,3,1,31
6,0,58,13,1,6,3,0,43
1,1,18,13,0,,7,1,3
5,0,64,14,1,2,3,0,49
6,0,38,11,0,5,8,0,23
5,1,45,18,1,8,7,1,30
6,0,50,13,1,5,6,1,35
10,0,39,24,0,,7,0,24
7,0,62,11,0,,4,1,47
5,0,76,10,0,1,4,0,61
7,1,69,13,1,4,7,1,54
,0,39,10,0,1,3,0,24
9,1,63,10,1,6,5,1,48
9,1,16,11,0,,3,1,1
3,0,38,13,0,7,6,1,23
5,1,77,9,1,1,4,1,62
5,1,27,11,1,2,5,1,12
2,0,67,10,0,1,4,0,52
5,0,41,19,0,7,3,0,26
1,0,70,10,1,6,3,1,55
5,0,35,11,0,4,7,0,20
1,0,53,11,1,4,2,1,38
6,1,74,11,0,1,6,1,59
4,1,49,11,0,3,7,0,34
2,0,20,12,0,,5,0,5
3,0,72,10,1,2,4,0,57
0,0,58,11,1,1,7,1,43
2,1,69,12,1,4,2,1,54
5,1,68,14,0,4,10,0,53
7,1,74,9,1,10,6,1,59
6,1,40,15,0,10,5,1,25
8,0,60,19,1,3,6,1,45
0,0,62,11,0,1,10,1,47
5,0,57,16,1,8,5,0,42
2,0,28,9,0,1,5,0,13
3,0,28,14,0,5,6,0,13
8,0,38,13,0,7,3,1,23
4,1,45,13,0,3,7,0,30
5,0,81,9,1,2,8,1,66
6,0,26,13,0,10,7,0,11
7,0,53,16,0,9,7,0,38
5,0,27,20,0,5,4,0,12
1,1,32,14,1,5,3,1,17
7,0,59,19,0,6,7,1,44
3,1,61,16,0,4,7,0,46
9,0,32,13,0,9,6,0,17
4,0,40,10,0,1,4,0,25
7,0,48,13,0,1,5,1,33
7,1,38,16,0,5,8,0,23
7,0,29,17,1,10,5,0,14
7,0,43,17,0,5,8,1,28
9,1,64,11,1,,6,,49
1,0,48,11,0,2,6,1,33
4,1,18,12,0,7,1,1,3
10,0,65,10,1,,10,1,50
8,1,67,11,1,5,5,1,52
8,0,80,10,1,2,6,1,65
4,1,75,18,0,1,5,1,60
6,1,17,12,0,10,8,0,2
0,0,63,15,1,6,1,0,48
5,1,18,13,0,6,8,1,3
8,1,82,15,1,,8,1,67
4,0,50,8,0,1,0,0,35
8,0,50,16,1,8,8,1,35
5,1,54,14,1,6,3,1,39
9,1,39,18,0,9,5,1,24
2,1,52,11,1,10,7,0,37
3,1,31,10,0,3,5,0,16
0,0,51,11,0,1,3,0,36
4,0,41,13,0,3,5,1,26
2,1,73,10,1,,2,0,58
5,1,42,17,0,6,6,1,27
8,0,44,21,0,6,8,0,29
2,0,18,12,0,,3,0,3
7,0,77,19,1,9,7,1,62
5,0,72,13,0,5,2,1,57
5,1,73,8,1,2,5,0,58
1,1,43,18,1,5,4,0,28
7,1,73,12,1,2,4,0,58
4,0,34,18,1,9,5,1,19
10,1,38,17,0,10,5,1,23
3,1,76,11,1,2,6,0,61
6,0,20,14,0,8,7,1,5
3,1,43,11,0,8,5,1,28
,0,64,13,0,,3,0,49
8,1,37,19,1,2,8,1,22
7,0,15,11,0,,5,1,0
6,0,40,20,0,6,8,0,25
3,0,56,11,1,,5,0,41
5,1,55,0,1,3,5,1,40
5,0,22,12,0,5,6,0,7
1,1,38,15,0,1,7,1,23
9,1,53,14,0,5,7,1,38
9,1,52,16,1,8,7,0,37
9,0,67,14,1,5,7,1,52
6,1,36,12,0,9,7,0,21
5,0,80,19,0,3,5,0,65
5,0,50,24,1,7,5,0,35
7,0,38,17,0,6,5,1,23
6,0,55,25,0,9,8,1,40
8,1,38,16,0,8,7,0,23
4,1,84,9,1,2,7,1,69
4,0,39,9,1,3,2,1,24
7,0,52,17,0,3,8,1,37
5,1,72,10,1,3,10,1,57
4,1,76,12,1,4,6,1,61
3,0,41,15,1,8,5,1,26
10,0,36,13,0,10,7,1,21
7,1,62,17,0,6,7,1,47
8,0,82,17,0,,10,1,67
5,0,56,15,0,4,4,1,41
2,0,27,13,0,1,0,0,12
7,1,72,10,1,2,9,0,57
6,0,,10,0,,6,0,
4,0,30,20,0,,5,0,15
7,1,62,11,1,7,7,1,47
0,1,54,11,1,3,5,1,39
4,0,41,16,0,3,2,0,26
5,1,42,16,0,10,4,0,27
4,1,16,11,0,,4,0,1
2,1,72,17,1,5,7,1,57
0,1,31,17,0,9,7,1,16
8,1,47,18,1,7,8,1,32
9,0,32,16,0,3,0,0,17
4,0,42,15,1,8,5,0,27
5,1,51,15,1,4,2,1,36
4,0,73,10,1,1,3,1,58
4,0,39,19,0,6,4,0,24
7,1,66,21,1,8,8,1,51
3,0,37,10,0,1,4,0,22
3,1,88,15,1,3,4,1,73
4,0,72,10,0,2,5,0,57
5,0,35,14,0,3,7,0,20
5,0,84,16,1,3,10,0,69
3,1,24,11,0,10,1,1,9
4,0,67,10,1,3,2,0,52
3,1,47,11,1,3,7,0,32
4,0,63,19,1,7,5,1,48
2,0,47,13,0,7,3,0,32
5,0,,9,1,,7,0,
6,0,55,11,1,1,6,1,40
10,0,35,21,0,1,2,1,20
4,0,27,12,0,1,5,0,12
2,0,24,14,0,7,4,0,9
6,1,35,15,0,9,3,0,20
5,0,44,15,0,1,4,1,29
8,1,19,14,0,8,6,0,4
3,1,44,12,1,3,7,0,29
8,1,77,10,0,2,8,1,62
8,1,82,9,1,4,8,1,67
8,1,55,13,1,,4,0,40
5,0,24,12,0,3,3,1,9
2,1,72,10,0,5,8,1,57
4,1,40,13,1,2,5,0,25
9,1,61,12,1,1,5,0,46
7,0,82,18,1,1,6,0,67
6,1,74,15,0,10,7,1,59
6,0,25,18,0,4,5,0,10
9,0,57,22,0,1,8,1,42
10,1,36,10,0,1,1,0,21
7,1,48,11,0,,2,1,33
3,1,41,11,0,1,5,1,26
5,1,74,9,1,7,2,1,59
7,1,42,24,1,6,8,0,27
4,0,73,20,1,4,4,0,58
6,1,74,16,0,4,7,1,59
1,0,87,13,0,4,3,1,72
2,1,65,18,1,9,6,1,50
3,0,39,20,1,10,3,0,24
6,0,29,14,1,,4,0,14
5,0,48,19,0,,6,1,33
5,1,50,15,0,2,5,0,35
4,0,40,17,0,10,7,0,25
5,0,56,20,0,10,5,1,41
8,1,22,17,0,,8,0,7
3,1,59,11,1,,3,0,44
7,1,57,15,0,10,7,0,42
2,1,63,11,0,,6,1,48
5,0,41,13,0,6,6,0,26
3,0,62,10,0,1,5,0,47
4,0,27,11,1,2,3,0,12
1,1,44,11,1,8,5,1,29
6,0,90,10,1,3,7,1,75
4,1,49,12,0,,5,1,34
4,1,82,0,0,,6,1,67
7,1,47,18,0,10,7,0,32
3,0,70,10,0,8,1,0,55
8,0,81,12,0,5,0,1,66
7,1,37,19,1,9,5,1,22
1,0,34,14,1,7,4,1,19
2,0,38,16,0,3,0,0,23
5,1,81,18,1,7,8,0,66
1,1,20,12,0,10,3,1,5
7,1,66,18,1,4,4,1,51
4,0,60,12,1,8,7,1,45
4,1,74,8,1,,6,0,59
4,0,31,17,1,10,4,1,16
8,0,83,10,0,,7,1,68
3,1,67,17,0,5,8,1,52
5,0,62,18,1,10,5,0,47
4,0,85,10,1,1,5,1,70
3,0,16,11,0,4,4,0,1
7,1,23,18,1,8,4,0,8
5,1,43,17,1,9,5,0,28
6,1,15,10,0,,10,0,0
6,1,47,21,0,9,8,0,32
0,1,41,11,0,6,8,0,26
5,1,50,18,1,5,5,1,35
3,0,17,14,0,1,5,0,2
4,0,27,19,0,4,7,1,12
6,1,81,9,1,3,8,1,66
8,1,35,12,0,6,5,0,20
,1,50,14,0,,7,1,35
1,0,71,10,1,4,8,0,56
8,1,40,16,1,4,5,1,25
6,1,30,22,0,,6,1,15
5,0,49,24,1,7,7,1,34
5,1,80,13,1,6,0,1,65
8,1,35,11,0,,7,0,20
3,1,52,8,1,4,8,1,37
8,1,67,14,1,2,8,1,52
2,0,32,17,0,7,4,0,17
4,0,50,,0,3,6,0,35
1,0,32,14,1,2,5,0,17
5,0,64,24,1,4,3,0,49
8,0,71,12,1,3,5,0,56
5,0,21,15,0,,4,0,6
2,1,45,11,0,4,7,0,30
7,0,61,12,1,6,7,1,46
4,1,54,12,1,1,5,1,39
8,0,79,10,0,2,7,0,64
5,0,59,16,1,4,,0,44
8,1,16,11,0,6,7,0,1
1,0,47,12,0,1,7,1,32
7,1,53,17,0,7,8,0,38
7,0,29,12,0,9,4,1,14
2,0,69,10,0,,4,0,54
3,0,58,13,1,,5,1,43
5,0,80,10,0,2,8,0,65
2,0,74,17,1,9,8,1,59
3,1,32,16,0,10,8,1,17
10,1,54,13,0,5,7,1,39
1,0,48,11,1,9,5,1,33
2,1,46,21,1,10,9,1,31
9,1,71,16,1,3,9,1,56
10,1,22,16,0,9,8,1,7
10,0,92,9,0,,5,1,77
2,0,78,14,1,,7,1,63
3,0,34,15,0,8,7,0,19
5,0,49,14,0,6,5,0,34
1,0,33,13,0,2,2,0,18
5,1,58,13,1,5,8,1,43
5,0,51,14,1,,8,1,36
5,1,76,11,0,6,5,1,61
5,0,36,19,1,4,4,0,21
7,0,60,15,1,,7,0,45
6,1,56,11,0,7,7,0,41
5,0,52,11,0,4,3,0,37
4,1,29,19,1,7,3,1,14
1,0,40,17,1,7,2,0,25
5,1,75,10,0,4,8,1,60
8,0,75,21,1,8,8,1,60
4,0,74,11,0,,3,1,59
0,1,60,11,0,1,2,1,45
2,1,67,17,1,9,6,1,52
6,0,33,16,0,8,5,0,18
3,0,77,12,0,,5,1,62
7,0,67,10,0,,8,0,52
0,0,80,10,1,,4,1,65
,0,80,10,1,2,0,0,65
6,0,44,14,0,10,6,1,29
8,0,72,12,0,2,4,1,57
7,1,22,10,1,4,2,0,7
5,1,61,12,0,4,5,1,46
6,0,81,14,0,3,6,0,66
2,0,61,11,1,7,6,1,46
6,0,65,18,1,9,5,0,50
5,0,60,21,0,10,6,1,45
8,1,83,10,1,8,5,0,68
1,0,45,12,0,8,5,0,30
0,0,87,8,0,,2,0,72
8,1,69,10,0,4,5,1,54
3,1,52,16,0,3,0,1,37
9,1,45,19,0,7,8,0,30
3,0,85,9,0,,10,1,70
6,0,40,18,0,6,0,0,25
3,1,51,12,0,6,6,0,36
3,1,39,20,1,9,5,0,24
7,0,63,17,1,7,5,1,48
5,1,22,9,0,5,0,0,7
7,1,52,16,1,2,4,0,37
7,0,56,16,1,,8,0,41
3,1,31,12,1,5,1,1,16
3,0,40,18,0,8,8,1,25
8,0,58,10,0,,7,1,43
,0,93,9,0,,5,1,78
7,0,53,2,0,2,6,1,38
5,0,29,12,0,7,7,0,14
3,0,43,16,1,,6,0,28
7,0,46,16,1,7,7,0,31
8,0,43,11,0,10,7,1,28
5,0,23,13,0,2,7,0,8
7,1,58,11,1,6,3,1,43
7,1,73,10,1,,8,1,58
7,1,70,12,1,9,6,1,55
2,0,22,17,0,6,5,0,7
5,0,65,17,1,4,8,1,50
6,1,36,15,0,9,8,0,21
5,1,27,22,0,,4,1,12
2,1,79,7,0,1,5,0,64
8,0,25,14,0,6,6,1,10
1,0,34,18,0,8,3,0,19
7,1,55,10,0,1,0,0,40
6,1,38,13,1,7,5,0,23
,0,16,11,0,,5,0,1
9,1,46,11,0,9,8,1,31
7,0,36,15,0,6,3,1,21
0,1,64,10,1,2,5,1,49
4,0,33,11,0,5,4,0,18
8,1,39,11,0,7,8,0,24
5,0,35,14,1,4,5,0,20
8,1,52,15,1,5,3,0,37
7,0,69,20,1,10,5,0,54
5,1,85,11,1,1,5,0,70
4,1,29,18,0,7,7,0,14
2,0,86,9,0,2,6,1,71
6,1,89,9,1,2,0,1,74
5,0,67,11,0,1,8,1,52
6,0,45,17,1,6,7,1,30
5,0,65,11,1,,7,1,50
7,0,36,24,1,3,7,1,21
9,1,71,14,1,5,3,1,56
7,0,88,10,0,1,8,1,73
6,1,48,15,0,4,5,0,33
6,1,55,19,1,6,7,1,40
3,0,73,13,0,7,3,1,58
8,1,37,17,0,10,7,1,22
4,1,22,13,0,,3,1,7
2,0,49,15,1,5,3,1,34
0,0,50,11,0,2,6,1,35
6,1,41,18,0,,5,0,26
4,0,27,15,0,3,5,1,12
9,0,27,23,0,10,5,1,12
8,1,59,12,0,,10,,44
6,1,84,10,1,,5,0,69
,1,24,15,0,9,2,1,9
5,0,35,11,0,3,6,1,20
3,0,45,14,0,1,4,0,30
4,0,22,18,0,1,4,0,7
0,0,30,11,0,2,2,0,15
9,1,33,28,0,7,6,0,18
1,0,45,11,1,8,8,1,30
4,1,49,20,0,10,7,1,34
3,0,41,10,0,6,3,1,26
7,0,75,9,0,,9,1,60
3,1,85,12,1,5,7,1,70
6,0,41,14,0,10,8,1,26
5,0,79,11,0,,1,1,64
2,0,25,15,0,3,,0,10
9,1,74,12,1,3,6,1,59
6,0,57,11,0,3,6,0,42
8,0,51,19,0,10,7,1,36
10,1,39,16,0,2,6,1,24
6,0,58,13,0,10,5,1,43
6,0,63,12,0,4,8,1,48
7,0,64,9,0,,8,0,49
8,0,29,16,1,3,6,0,14
6,0,16,11,0,9,4,1,1
8,1,84,9,,,8,1,69
4,0,47,14,1,7,5,0,32
7,0,66,14,1,5,7,1,51
6,1,66,22,0,3,3,1,51
7,0,30,13,0,5,7,0,15
5,0,58,10,1,2,4,1,43
4,1,29,17,0,6,7,0,14
8,1,72,11,1,1,7,1,57
5,0,40,17,1,5,8,0,25
1,1,45,17,1,1,1,1,30
0,1,24,14,1,,1,1,9
7,1,55,11,1,7,5,0,40
8,1,52,18,0,8,7,1,37
5,1,84,9,1,1,0,1,69
7,0,22,17,0,9,6,0,7
4,0,56,12,0,,0,1,41
9,0,23,17,0,7,7,0,8
5,0,44,15,1,9,2,0,29
6,0,39,15,0,4,7,1,24
5,1,57,17,1,5,7,1,42
5,0,35,13,0,4,5,0,20
9,0,29,11,0,4,8,1,14
2,0,81,9,0,1,5,0,66
4,1,70,14,1,6,7,1,55
2,0,34,17,1,3,10,0,19
6,1,78,21,0,8,7,0,63
9,0,74,10,1,6,0,1,59
,0,52,20,0,2,5,0,37
5,1,34,13,0,9,6,1,19
2,0,63,13,1,1,5,1,48
4,0,57,12,0,2,1,1,42
2,0,,15,1,4,4,0,
7,0,69,17,1,,7,1,54
5,0,38,18,0,9,5,0,23
8,1,25,15,0,,6,0,10
10,1,58,11,1,2,7,1,43
,0,31,11,0,10,5,1,16
7,1,46,20,0,5,8,0,31
9,1,54,12,0,9,7,1,39
4,0,44,15,1,8,4,1,29
5,1,21,10,0,1,2,0,6
4,1,29,11,0,,5,0,14
7,0,66,18,0,2,1,0,51
2,1,66,11,0,3,4,1,51
5,0,32,20,1,5,5,1,17
3,1,48,11,0,6,5,0,33
6,0,71,10,0,,5,0,56
3,0,62,10,0,3,4,1,47
3,0,67,10,0,1,0,0,52
8,1,61,18,1,5,2,0,46
5,1,60,16,1,7,5,1,45
9,0,55,16,1,10,8,1,40
8,0,64,17,1,3,7,1,49
6,1,42,17,0,9,5,1,27
8,1,31,14,0,10,2,1,16
5,0,70,7,1,,7,1,55
5,0,48,11,0,1,2,1,33
4,0,39,11,0,1,4,1,24
5,1,41,16,0,9,7,0,26
5,1,34,20,0,2,5,0,19
,0,36,13,1,6,5,1,21
5,1,35,28,0,10,8,0,20
7,1,30,18,0,5,10,0,15
10,1,72,10,1,,7,1,57
4,1,68,11,0,2,8,1,53
5,0,47,12,1,8,4,1,32
5,0,82,9,0,,6,1,67
10,1,60,15,1,4,7,0,45
7,0,80,12,0,2,6,1,65
6,0,38,17,0,6,7,1,23
4,1,60,10,1,,5,0,45
3,1,74,11,1,2,1,0,59
6,0,57,10,0,3,5,0,42
8,0,67,10,0,1,2,1,52
6,0,70,10,0,1,8,0,55
5,0,32,13,1,8,3,0,17
6,0,36,16,0,6,6,1,21
1,0,18,12,0,1,1,0,3
9,1,40,,0,4,5,0,25
4,1,44,18,0,6,5,0,29
6,1,47,11,0,2,3,0,32
8,1,84,10,1,1,7,1,69
7,0,33,15,0,,6,0,18
8,1,78,13,1,7,2,1,63
4,0,70,17,1,7,8,1,55
10,0,72,13,1,2,5,1,57
6,0,19,12,0,,5,1,4
7,1,44,11,0,1,2,0,29
4,1,68,10,1,,0,1,53
1,1,67,11,1,5,4,1,52
7,1,44,16,1,9,5,1,29
6,1,38,17,0,7,5,1,23
3,0,33,17,0,8,2,0,18
3,1,20,14,0,2,7,0,5
3,0,84,8,0,2,5,1,69
3,0,28,20,1,,8,1,13
7,1,33,14,1,9,5,0,18
7,1,67,11,0,9,6,1,52
3,1,,19,1,10,9,1,
9,1,82,9,0,2,8,1,67
6,0,20,15,0,,10,0,5
0,1,58,15,1,5,2,1,43
2,0,43,13,0,5,4,1,28
7,1,44,13,1,9,4,1,29
8,0,,12,1,2,0,0,
5,0,58,16,1,6,4,1,43
5,0,36,14,0,3,4,0,21
3,1,42,13,1,9,2,1,27
0,0,47,11,0,2,1,0,32
2,1,27,13,0,8,2,0,12
5,1,68,9,0,1,7,0,53
3,1,56,9,0,1,7,0,41
5,1,64,17,1,,7,,49
4,0,71,10,0,2,6,1,56
5,0,69,13,0,,9,1,54
9,1,43,13,0,8,7,1,28
0,1,77,9,1,2,3,1,62
8,1,84,9,1,2,8,1,69
7,0,53,11,1,7,5,0,38
5,0,39,20,0,,5,1,24
0,0,73,10,1,1,0,0,58
7,1,64,13,0,1,7,0,49
10,0,33,16,0,,10,0,18
0,1,45,12,0,2,5,1,30
6,0,66,15,1,4,7,0,51
5,1,50,11,1,7,7,0,35
8,1,58,15,1,4,7,0,43
,0,22,11,0,1,3,0,7
6,0,33,,0,,4,0,18
7,1,34,16,1,9,6,1,19
9,1,74,16,0,4,3,1,59
2,0,,,0,,2,0,
2,0,79,10,0,2,10,1,64
8,0,79,12,1,3,5,1,64
2,0,44,14,1,5,6,0,29
5,0,81,11,1,9,4,1,66
,0,57,12,0,10,6,0,42
4,1,55,18,1,10,6,0,40
5,1,66,16,1,1,7,1,51
8,0,80,10,0,2,4,0,65
,0,39,17,0,2,5,0,24
10,1,78,11,0,,7,1,63
1,0,37,13,0,,2,0,22
,0,38,12,0,,7,0,23
6,1,28,18,1,7,5,0,13
7,1,23,18,0,4,3,1,8
6,1,66,12,0,9,5,1,51
8,0,65,10,1,2,5,1,50
3,0,22,18,1,1,7,1,7
6,1,50,16,0,10,7,0,35
2,0,34,13,0,1,2,0,19
3,0,50,11,0,,5,0,35
6,1,78,10,1,1,5,1,63
9,1,62,13,1,5,7,1,47
7,0,85,9,0,1,8,0,70
9,1,42,17,0,10,8,1,27
5,0,43,11,0,7,7,1,28
5,0,68,11,1,2,5,1,53
8,1,54,14,1,6,3,1,39
4,0,30,16,0,,5,0,15
,0,33,13,1,2,5,0,18
4,0,51,11,0,1,3,1,36
0,0,70,10,0,3,6,1,55
8,1,59,12,1,9,5,0,44
0,0,29,18,1,6,5,0,14
5,0,69,19,1,5,7,1,54
4,1,87,7,0,,5,0,72
8,1,32,20,0,7,6,1,17
6,1,51,11,1,10,5,1,36
5,0,68,16,0,2,7,0,53
8,0,37,18,1,10,8,0,22
5,1,69,10,1,,5,1,54
7,1,64,20,0,10,10,1,49
7,0,77,10,1,3,6,0,62
7,0,58,10,0,1,7,0,43
3,0,54,12,1,2,4,1,39
5,0,71,9,1,1,5,1,56
6,1,34,18,0,3,3,0,19
0,1,63,10,0,,3,0,48
5,0,74,12,0,1,8,0,59
7,1,36,20,1,8,7,1,21
4,0,64,12,0,9,7,1,49
6,1,29,18,1,9,4,1,14
3,1,29,11,0,3,2,0,14
4,1,28,16,1,8,4,1,13
7,0,78,16,0,,5,1,63
9,1,77,12,1,1,5,1,62
3,1,76,19,0,10,3,1,61
7,0,34,18,0,9,7,1,19
4,0,46,12,0,1,4,0,31
4,0,21,17,0,5,4,0,6
9,1,44,19,0,10,7,1,29
2,0,44,12,0,4,2,1,29
8,1,39,12,0,7,7,0,24
0,1,74,10,1,,3,1,59
3,0,51,13,0,7,3,0,36
6,1,67,11,1,3,5,1,52
4,0,50,,0,,4,0,35
6,0,69,16,0,4,8,0,54
8,1,26,8,0,4,7,1,11
5,0,27,18,0,,5,0,12
4,0,55,12,1,4,3,0,40
7,0,37,15,1,6,3,0,22
3,1,29,13,1,3,5,1,14
0,0,54,12,1,3,8,0,39
4,0,86,14,1,4,8,0,71
,1,52,12,0,,4,1,37
2,1,86,20,1,8,3,0,71
3,1,60,11,1,8,5,1,45
4,1,60,18,1,8,7,1,45
7,1,65,10,1,2,0,1,50
1,0,51,25,0,5,2,1,36
7,1,68,14,0,9,7,1,53
6,0,35,19,0,10,7,1,20
9,1,17,13,0,2,6,0,2
2,1,41,13,0,1,7,1,26
3,1,68,13,1,8,5,0,53
2,0,31,14,0,1,5,1,16
,0,52,16,1,3,7,0,37
,0,58,10,0,,5,0,43
7,0,61,19,0,7,8,1,46
2,1,45,17,0,1,4,0,30
4,0,34,16,0,9,7,1,19
7,1,37,16,0,9,9,1,22
5,0,35,13,0,2,5,0,20
9,1,54,18,1,5,8,1,39
3,1,38,13,0,5,7,1,23
3,0,40,20,1,7,8,0,25
7,1,70,16,0,10,4,1,55
7,0,64,17,1,10,6,1,49
9,1,54,15,0,5,4,0,39
3,0,29,13,1,7,7,1,14
7,1,16,9,0,,8,0,1
7,1,27,11,0,7,8,1,12
4,1,76,10,1,2,4,1,61
0,1,51,14,1,1,6,1,36
3,0,69,11,1,7,3,0,54
2,1,48,21,1,,6,0,33
6,1,35,17,0,7,2,0,20
3,1,40,12,0,7,5,0,25
,0,78,12,1,3,5,0,63
5,0,24,14,0,2,8,0,9
5,1,64,9,1,3,2,0,49
5,0,72,8,0,4,6,1,57
3,0,26,10,0,2,1,1,11
5,1,81,10,0,1,0,0,66
7,0,31,16,0,,5,0,16
5,1,62,10,1,2,4,1,47
6,1,23,17,0,1,7,0,8
8,1,70,16,1,5,7,1,55
1,1,51,11,0,6,2,1,36
6,0,36,17,0,10,6,1,21
2,0,41,10,0,3,8,1,26
8,0,,,1,,6,0,
5,0,32,18,0,6,7,0,17
6,0,36,14,0,4,6,0,21
9,0,59,16,1,1,9,0,44
7,0,23,16,0,7,7,1,8
2,1,40,13,0,6,0,0,25
5,1,40,15,0,5,2,1,25
8,1,89,10,1,3,5,1,74
4,1,30,11,0,3,6,1,15
6,0,19,13,0,1,5,1,4
5,0,25,9,0,2,5,1,10
,0,72,14,1,,8,0,57
0,1,92,10,0,8,8,0,77
4,1,28,15,0,6,7,0,13
5,0,30,11,0,6,3,0,15
5,0,64,11,1,9,0,1,49
5,1,65,10,1,3,10,1,50
2,0,34,13,1,10,6,0,19
0,0,66,12,1,3,7,0,51
7,0,79,15,1,5,8,1,64
6,0,42,11,0,,0,1,27
5,0,49,11,0,6,7,1,34
2,0,22,8,0,1,3,1,7
7,0,58,14,1,7,6,0,43
8,0,40,17,0,1,9,0,25
7,1,50,15,0,9,3,0,35
7,1,34,14,0,,4,1,19
,0,91,10,0,,7,0,76
7,0,54,18,1,10,7,0,39
6,0,29,13,1,8,6,0,14
7,1,70,16,1,9,6,0,55
2,0,64,10,1,3,8,1,49
5,0,56,12,0,3,5,1,41
4,0,41,16,0,9,8,1,26
7,0,44,18,1,5,8,1,29
,0,87,9,,,5,1,72
7,1,42,10,1,7,7,0,27
6,1,72,15,1,7,4,1,57
4,1,72,10,0,1,5,0,57
7,0,43,19,0,4,8,0,28
6,0,61,16,1,,4,0,46
4,0,46,14,0,3,5,1,31
8,0,58,17,0,9,8,0,43
6,1,18,7,0,1,5,0,3
6,1,55,13,1,8,7,1,40
2,0,70,10,0,5,5,0,55
4,1,49,13,0,8,1,1,34
8,1,71,18,1,4,8,1,56
9,0,30,20,0,10,3,0,15
6,0,80,9,0,3,6,1,65
3,1,58,11,0,6,0,1,43
9,1,69,17,0,9,8,1,54
8,0,55,10,0,8,1,1,40
5,0,64,10,0,1,5,1,49
8,1,75,10,0,1,8,0,60
6,1,32,17,0,4,5,0,17
3,1,59,11,1,5,6,1,44
5,0,62,9,0,2,8,1,47
8,1,,10,0,4,9,1,
7,0,88,15,0,,6,1,73
5,1,81,10,0,6,5,1,66
6,1,78,9,1,3,5,0,63
9,0,36,13,0,3,7,0,21
8,0,51,15,0,6,8,1,36
1,1,78,18,0,6,1,1,63
1,0,34,12,0,2,5,1,19
4,0,26,15,0,,3,0,11
6,0,86,9,1,1,2,1,71
2,1,86,20,1,6,8,1,71
4,1,73,10,1,3,7,1,58
7,1,37,16,1,9,8,1,22
4,1,29,13,0,6,9,0,14
7,0,66,18,0,9,8,1,51
8,0,68,17,1,6,8,1,53
8,0,54,16,1,5,7,1,39
0,0,27,11,0,2,6,0,12
5,0,75,10,0,,8,0,60
8,1,62,20,1,3,8,0,47
0,0,65,11,0,1,2,0,50
9,0,47,9,0,,6,0,32
7,0,60,11,1,,7,0,45
3,0,40,5,0,,5,0,25
7,0,36,19,0,7,6,1,21
4,1,39,12,0,5,5,0,24
7,0,60,11,1,6,6,1,45
6,0,71,10,0,3,7,1,56
7,1,24,14,1,3,5,0,9
0,0,66,10,0,,6,1,51
7,1,34,18,0,6,7,1,19
5,0,64,20,1,5,8,0,49
5,1,25,8,0,3,7,1,10
5,0,44,12,0,9,5,1,29
7,1,74,10,0,5,6,1,59
,0,28,13,0,4,6,0,13
5,0,34,10,0,8,8,0,19
,1,61,12,0,,8,1,46
8,1,24,13,0,5,5,0,9
3,1,41,13,0,9,6,1,26
5,0,57,10,1,3,7,0,42
5,0,17,11,0,,5,0,2
8,1,74,21,1,7,7,1,59
6,0,67,10,0,6,8,1,52
7,0,22,12,0,1,5,1,7
4,0,42,15,0,3,3,0,27
5,1,42,11,1,5,5,1,27
3,0,70,10,0,1,3,0,55
8,0,54,15,1,8,5,1,39
3,0,63,11,1,6,4,0,48
7,1,74,16,0,10,5,1,59
7,0,64,14,1,,0,1,49
5,1,18,13,0,,6,0,3
4,0,25,19,1,8,5,1,10
4,0,69,13,0,5,3,1,54
4,1,38,15,1,10,4,0,23
6,0,44,17,1,6,7,1,29
3,1,17,12,0,1,3,1,2
5,1,39,20,0,10,2,1,24
4,1,77,14,1,7,7,0,62
6,0,60,17,0,,8,0,45
1,0,42,11,0,5,6,0,27
1,1,40,23,0,8,3,0,25
3,0,44,14,0,4,7,0,29
7,1,46,13,1,2,3,1,31
6,0,80,9,1,1,3,0,65
9,1,57,15,0,8,7,1,42
6,1,63,10,1,1,8,1,48
5,1,68,10,1,3,5,1,53
3,0,69,11,0,1,2,1,54
5,0,71,9,0,1,4,0,56
7,0,41,15,0,9,5,1,26
8,0,51,14,1,5,6,1,36
4,0,68,17,1,5,7,0,53
7,1,62,19,0,10,3,0,47
4,1,42,14,0,5,5,0,27
7,0,80,10,1,1,1,1,65
6,1,56,21,1,9,8,0,41
7,0,75,12,1,,6,1,60
1,1,57,7,0,1,3,0,42
0,1,44,12,0,1,5,0,29
3,0,53,15,1,9,7,0,38
3,0,32,22,0,3,1,1,17
3,1,58,16,1,2,5,1,43
8,1,49,16,0,10,7,0,34
7,0,59,13,0,6,2,0,44
6,0,35,20,0,10,3,1,20
6,1,69,10,1,2,0,1,54
2,0,67,10,1,,0,0,52
8,1,87,9,1,,6,0,72
4,1,67,10,1,4,6,0,52
7,1,39,15,0,8,6,0,24
7,1,16,10,0,,5,0,1
8,1,74,9,0,1,7,0,59
7,0,73,12,0,2,8,1,58
7,1,26,16,1,8,6,0,11
3,1,52,11,1,10,5,0,37
9,0,83,10,0,2,2,1,68
6,1,31,14,0,5,7,0,16
3,1,62,17,1,8,5,0,47
5,0,40,15,0,3,5,0,25
0,1,70,17,1,2,8,1,55
0,0,59,12,1,2,9,1,44
,1,28,13,0,5,5,0,13
4,1,23,14,0,3,7,0,8
8,0,51,17,1,8,7,1,36
7,1,18,13,0,,3,1,3
4,0,41,19,1,5,7,1,26
3,0,44,13,0,2,5,0,29
0,1,71,9,0,6,4,0,56
4,0,84,10,0,1,8,0,69
2,1,71,10,1,1,1,0,56
10,1,23,17,0,6,9,0,8
0,1,86,6,1,3,5,0,71
1,0,53,11,1,1,9,0,38
2,0,62,10,1,,2,0,47
5,1,48,11,1,6,5,1,33
0,1,46,12,1,10,5,0,31
7,0,58,11,0,6,3,1,43
10,0,82,16,1,3,6,0,67
2,0,38,16,0,,4,1,23
8,0,40,17,0,,6,0,25
8,0,78,11,1,5,5,1,63
7,1,,19,0,,6,1,
8,0,47,14,0,8,6,1,32
5,0,80,10,0,1,7,0,65
1,1,48,14,0,9,2,0,33
3,0,81,13,0,,6,1,66
2,1,76,9,0,2,1,1,61
6,1,80,10,1,,7,0,65
7,1,67,20,0,4,6,0,52
3,0,48,10,1,10,7,0,33
6,1,62,12,0,8,4,0,47
6,0,30,13,1,4,6,0,15
8,1,33,21,0,2,7,0,18
2,0,53,17,1,10,4,1,38
4,0,54,12,0,,6,0,39
2,1,46,11,0,2,6,1,31
10,1,64,12,1,1,7,1,49
5,0,51,11,0,7,4,0,36
1,0,67,10,0,2,2,1,52
8,1,58,12,1,10,5,1,43
9,1,69,17,1,,,1,54
2,0,50,11,1,,5,1,35
8,0,57,11,1,,6,0,42
3,0,44,17,1,7,9,0,29
4,1,77,10,1,4,0,1,62
7,0,44,20,0,7,7,1,29
8,0,66,15,0,2,7,1,51
8,0,71,15,1,,7,0,56
0,1,41,23,1,5,7,1,26
5,1,71,10,0,,7,1,56
5,0,61,11,0,10,5,1,46
5,0,32,17,1,4,5,1,17
6,1,54,16,1,2,8,1,39
9,1,61,22,1,6,7,1,46
1,1,58,18,1,8,3,1,43
7,0,17,13,0,,7,0,2
4,0,54,11,1,4,6,0,39
9,0,71,12,1,,7,1,56
6,1,67,11,1,3,5,1,52
9,1,70,21,1,9,5,0,55
9,0,65,16,1,6,9,1,50
6,0,48,18,1,,7,1,33
2,0,54,11,1,6,10,1,39
7,1,76,7,1,1,4,1,61
2,0,63,10,1,1,5,0,48
4,1,25,12,0,,3,1,10
,0,,18,0,,2,0,
5,0,58,15,1,2,5,1,43
5,0,56,2,0,,10,1,41
4,0,56,10,1,2,4,0,41
8,0,50,10,0,2,5,0,35
0,1,35,14,1,8,0,1,20
7,0,82,11,1,2,5,1,67
0,0,28,12,1,2,3,0,13
2,0,33,12,1,1,5,0,18
8,0,64,10,1,2,8,1,49
3,0,54,12,1,4,9,1,39
6,0,53,13,1,8,4,0,38
7,1,61,13,1,5,5,1,46
9,0,41,12,0,10,7,1,26
6,1,55,11,1,1,5,1,40
4,0,53,14,1,,4,1,38
5,0,37,16,1,,7,0,22
6,1,18,13,0,7,7,0,3
7,0,81,13,1,2,8,1,66
3,1,75,16,0,9,1,1,60
6,0,77,10,0,10,5,1,62
10,0,46,13,0,8,8,0,31
5,1,23,13,0,7,4,1,8
8,1,47,10,0,,4,0,32
8,1,65,10,1,3,5,1,50
,0,36,16,0,5,8,0,21
6,1,66,16,1,3,5,0,51
3,1,61,10,1,4,7,1,46
7,1,23,17,0,5,5,1,8
5,0,32,14,1,9,3,1,17
8,1,63,13,0,5,7,1,48
,0,58,9,0,4,6,1,43
3,1,59,17,1,7,3,1,44
4,0,39,7,0,1,8,0,24
4,1,70,12,1,4,5,1,55
6,0,61,20,1,2,8,1,46
7,0,19,14,0,,4,1,4
5,0,67,12,0,1,2,0,52
3,0,81,10,1,6,4,0,66
0,1,27,11,0,8,3,0,12
8,0,63,17,1,10,4,0,48
2,1,43,13,1,4,3,1,28
1,0,38,13,1,2,7,1,23
2,1,71,10,1,2,8,1,56
5,0,20,14,0,1,5,1,5
5,0,71,11,0,1,5,0,56
0,1,73,11,0,1,8,1,58
7,0,32,12,0,4,6,0,17
3,1,73,10,1,2,5,1,58
3,0,83,13,0,5,7,0,68
5,0,49,11,0,8,7,0,34
2,0,56,20,1,10,4,0,41
3,1,47,21,1,7,5,1,32
7,1,82,9,0,6,6,1,67
7,1,58,12,0,5,5,1,43
5,1,52,20,0,9,7,0,37
9,0,60,14,0,10,7,1,45
0,0,65,11,0,1,10,0,50
4,1,51,10,0,10,2,1,36
8,1,58,19,1,3,7,1,43
8,1,30,11,0,3,3,1,15
5,0,65,19,1,10,9,1,50
8,1,50,18,1,5,5,1,35
,0,44,15,0,5,8,0,29
3,0,80,11,1,3,0,1,65
4,0,59,19,1,9,7,1,44
5,1,51,10,0,,10,0,36
8,1,66,10,0,5,6,0,51
4,1,40,10,0,,6,1,25
3,1,65,13,1,2,0,0,50
7,0,40,16,0,,5,1,25
5,1,38,12,1,7,8,1,23
6,0,51,17,1,2,7,1,36
6,0,21,16,0,,6,0,6
5,0,52,10,0,6,5,0,37
6,1,81,13,1,9,8,1,66
2,0,43,11,0,10,3,0,28
1,0,24,20,0,4,2,0,9
3,0,69,11,1,2,0,1,54
1,0,15,10,0,,1,1,0
5,0,54,11,1,1,8,1,39
8,0,43,11,0,,5,0,28
6,0,66,11,1,5,7,1,51
4,1,78,10,1,5,4,0,63
7,1,22,14,0,3,4,0,7
6,1,24,18,0,1,3,0,9
10,0,48,19,1,1,7,0,33
6,1,48,15,0,9,9,1,33
9,0,78,12,0,4,7,1,63
8,1,69,11,0,8,5,1,54
3,0,45,14,0,1,5,0,30
9,0,40,6,0,2,2,1,25
8,1,67,11,1,9,7,1,52
3,1,47,12,1,2,5,1,32
4,1,48,14,1,8,5,1,33
4,0,58,13,1,3,3,0,43
5,1,66,13,1,3,0,0,51
3,1,78,13,1,5,5,1,63
7,1,56,17,1,2,8,1,41
0,0,50,11,1,2,0,0,35
7,1,63,18,0,10,4,1,48
4,0,75,10,0,,3,0,60
3,0,23,17,0,5,5,1,8
8,1,41,13,0,,7,0,26
3,1,57,11,1,4,5,1,42
10,0,,,,,1,1,
6,0,47,11,1,1,4,1,32
8,1,29,16,0,8,7,1,14
5,1,18,14,0,,7,1,3
6,0,91,11,0,6,3,1,76
4,0,29,15,1,1,3,1,14
,1,77,12,0,1,0,1,62
,0,88,9,1,2,6,0,73
9,1,64,13,0,7,8,0,49
4,1,68,13,0,6,6,1,53
4,1,50,10,0,1,2,1,35
,0,78,9,0,1,6,0,63
5,0,39,13,0,8,7,1,24
6,1,74,10,0,,7,1,59
0,1,26,12,0,,5,0,11
2,0,34,15,0,2,2,0,19
8,0,61,22,1,8,7,0,46
7,0,34,15,0,3,7,1,19
8,1,77,23,0,9,5,1,62
3,0,31,12,1,10,9,1,16
8,1,62,13,0,6,4,1,47
10,0,35,23,0,5,6,0,20
5,0,29,11,0,1,7,0,14
8,0,42,18,0,7,4,0,27
4,1,33,15,1,10,7,0,18
10,1,27,13,0,1,4,1,12
0,1,38,18,0,9,8,1,23
5,0,56,9,1,9,8,0,41
5,0,47,11,1,10,5,0,32
4,0,30,13,0,4,4,0,15
8,1,53,12,1,8,5,1,38
3,0,57,17,0,6,7,0,42
2,1,74,12,0,3,7,0,59
6,1,70,10,1,9,5,0,55
7,0,55,14,0,,2,0,40
6,1,73,10,1,,6,1,58
5,0,63,11,0,6,7,1,48
0,1,48,9,0,,8,0,33
2,0,54,13,0,3,3,0,39
5,0,68,10,1,7,3,0,53
5,1,47,13,1,,5,1,32
5,0,53,9,0,4,4,0,38
6,0,75,11,1,5,7,0,60
3,1,80,11,1,2,7,1,65
5,0,57,10,1,6,5,1,42
4,0,34,12,0,3,8,0,19
9,1,82,20,0,4,5,1,67
3,0,62,10,0,2,5,0,47
0,0,56,11,1,,4,1,41
8,0,80,18,0,3,5,0,65
5,0,61,11,0,3,8,0,46
5,0,22,13,0,2,4,0,7
7,1,30,12,0,6,7,0,15
0,1,67,11,0,2,4,1,52
5,0,23,12,1,2,5,0,8
8,0,76,16,1,6,5,1,61
0,1,25,14,1,6,5,1,10
6,0,15,10,0,,7,0,0
6,1,41,11,0,8,5,1,26
8,0,48,20,1,6,8,0,33
8,0,32,17,0,9,8,1,17
4,0,36,16,0,10,4,0,21
0,0,53,11,0,2,6,0,38
5,0,65,12,0,,5,0,50
7,1,40,11,1,7,7,0,25
7,0,47,16,0,,6,0,32
5,0,71,10,0,1,7,0,56
9,0,,14,0,2,8,1,
9,0,38,18,0,10,7,0,23
4,1,52,17,1,8,8,0,37
0,0,49,17,0,6,3,0,34
3,1,31,12,0,10,0,0,16
5,0,58,11,1,7,5,1,43
8,1,49,14,1,4,7,0,34
4,0,43,10,0,,0,1,28
4,1,23,17,0,10,5,0,8
4,0,62,11,0,5,6,0,47
3,0,56,11,0,1,3,0,41
5,0,69,10,1,3,7,1,54
,0,18,13,0,,5,0,3
7,1,22,13,0,8,8,1,7
7,1,27,12,0,3,7,0,12
0,1,66,10,1,1,6,0,51
1,1,40,12,1,3,3,1,25
7,0,59,11,1,,0,1,44
6,0,48,14,0,10,5,0,33
5,1,39,11,0,1,4,1,24
,0,34,19,0,4,8,0,19
4,1,36,16,0,8,6,1,21
7,0,91,11,0,1,8,0,76
7,1,36,18,0,10,8,0,21
9,0,25,18,0,1,9,1,10
2,1,59,14,1,7,7,0,44
3,0,29,16,0,8,5,1,14
8,0,23,16,0,10,4,1,8
6,1,66,14,0,8,3,1,51
0,0,57,1,0,4,0,1,42
8,0,60,12,0,8,6,0,45
7,0,65,12,1,3,8,1,50
3,0,47,15,1,3,5,1,32
2,1,51,18,1,8,6,1,36
5,0,28,12,1,7,5,0,13
2,0,64,17,1,4,8,1,49
5,0,50,13,0,8,5,0,35
8,0,52,18,0,,9,1,37
10,0,63,13,0,1,4,0,48
,0,18,11,0,,7,0,3
5,1,54,15,1,9,4,1,39
9,0,64,17,0,3,7,1,49
0,0,28,11,0,1,5,1,13
9,1,28,15,0,1,7,0,13
0,1,35,17,1,7,6,1,20
0,1,38,11,0,4,8,0,23
0,0,83,9,1,,0,1,68
,0,35,14,1,1,5,1,20
5,1,37,14,1,9,6,0,22
5,0,42,16,0,10,7,1,27
7,0,44,26,0,4,5,1,29
5,0,64,10,0,1,6,1,49
,1,46,11,1,3,7,1,31
8,1,52,12,1,7,5,1,37
5,0,51,11,0,,8,1,36
7,1,78,14,1,9,6,1,63
3,0,34,13,0,3,7,1,19
4,0,44,11,0,1,5,1,29
2,0,60,10,0,1,5,1,45
7,1,30,18,1,4,8,1,15
8,1,18,11,0,10,5,1,3
8,0,80,12,0,6,10,0,65
,0,60,11,1,,7,0,45
5,1,56,13,1,7,5,0,41
7,0,56,13,0,8,5,1,41
5,0,54,19,1,9,6,0,39
3,0,30,16,0,2,7,0,15
6,0,61,10,0,10,5,1,46
7,0,39,10,0,,7,0,24
,1,72,14,0,4,6,1,57
5,1,40,11,0,1,6,0,25
5,0,45,11,0,5,3,0,30
8,0,42,17,0,10,7,1,27
6,0,22,17,0,,5,1,7
0,1,81,15,1,1,4,0,66
7,0,42,12,0,9,5,0,27
5,1,69,8,1,2,5,1,54
3,0,43,14,0,8,3,1,28
2,0,62,10,1,4,6,1,47
8,0,54,20,0,1,8,1,39
3,1,32,11,0,3,4,1,17
6,0,61,15,1,5,9,0,46
4,1,35,16,1,7,3,0,20
7,0,83,9,1,3,0,1,68
0,1,48,15,1,10,2,1,33
7,0,45,17,1,9,6,1,30
5,1,36,20,1,,7,1,21
5,1,22,13,0,,5,0,7
4,0,48,11,1,5,5,0,33
3,0,47,11,0,10,2,1,32
3,1,55,10,1,7,7,1,40
4,1,58,14,1,9,8,1,43
,1,19,10,0,,5,0,4
5,0,45,14,0,,4,0,30
4,1,71,11,0,6,7,0,56
8,1,53,12,1,3,7,1,38
0,1,65,16,1,3,5,1,50
4,0,59,12,1,6,7,1,44
5,0,61,17,0,1,5,1,46
10,1,63,19,1,9,6,0,48
6,1,81,19,0,6,8,1,66
4,1,61,13,1,4,6,1,46
7,1,78,11,1,2,8,1,63
0,0,60,10,0,2,7,1,45
3,0,69,9,0,1,4,1,54
,1,36,16,0,1,3,0,21
,1,46,10,1,1,2,0,31
9,0,56,13,1,9,6,1,41
4,1,41,14,0,10,8,0,26
7,1,75,19,1,7,8,1,60
5,0,55,17,1,8,6,1,40
6,1,32,17,0,9,3,0,17
8,1,65,17,0,6,7,1,50
7,0,73,19,1,3,8,0,58
0,0,37,6,0,1,0,0,22
3,0,54,11,1,10,4,1,39
3,1,51,13,0,9,3,0,36
2,1,56,11,1,3,4,0,41
8,1,36,10,0,3,6,0,21
,0,84,9,0,,0,0,69
4,0,54,17,1,10,8,1,39
6,1,26,12,0,2,7,1,11
8,0,80,11,0,3,8,0,65
7,0,42,13,0,1,6,1,27
8,0,54,12,1,6,7,1,39
4,0,71,12,0,1,7,1,56
6,1,28,16,1,5,8,1,13
4,0,38,14,0,1,7,1,23
5,1,26,16,1,,6,1,11
10,1,35,17,0,7,0,1,20
6,0,83,11,1,2,7,1,68
5,0,27,13,0,,3,0,12
7,0,40,16,0,3,5,0,25
,0,69,10,0,,4,1,54
2,0,64,9,1,6,7,1,49
9,1,70,10,1,2,0,1,55
5,0,83,10,0,,10,0,68
7,1,67,21,1,8,7,0,52
5,0,30,18,0,3,6,0,15
6,1,74,14,1,4,7,1,59
0,0,41,11,0,2,3,1,26
4,0,30,13,0,3,6,0,15
5,0,31,14,0,5,4,0,16
4,0,47,11,1,3,7,1,32
6,0,74,16,1,,6,1,59
6,1,48,11,1,6,8,1,33
2,0,41,15,1,,9,0,26
5,1,44,11,0,7,5,1,29
3,0,67,11,0,3,4,0,52
2,0,52,15,1,7,2,1,37
5,0,47,4,0,2,8,1,32
,0,25,16,0,5,10,0,10
6,0,21,11,0,4,3,1,6
1,1,37,10,0,7,5,0,22
8,1,41,16,0,8,7,0,26
5,1,74,17,1,4,5,1,59
0,0,83,8,1,3,3,1,68
3,1,53,18,1,9,8,1,38
5,1,53,20,1,8,5,0,38
7,1,34,17,1,8,7,1,19
7,0,69,14,0,9,7,1,54
4,0,68,10,1,2,7,1,53
5,1,66,13,0,5,3,1,51
2,0,,,,,9,1,
6,0,77,12,1,1,4,1,62
6,1,86,11,0,2,8,1,71
7,1,69,10,1,2,9,1,54
4,0,26,9,0,,3,0,11
1,1,,12,0,,0,0,
7,1,78,12,0,,8,0,63
4,1,64,10,0,3,5,0,49
3,0,44,11,0,5,5,1,29
2,1,29,16,0,,8,0,14
7,1,53,17,1,5,7,0,38
5,0,43,13,1,3,7,0,28
6,1,61,16,1,5,8,0,46
6,1,53,16,1,2,3,1,38
8,0,37,15,0,3,5,1,22
8,1,62,10,1,1,5,1,47
5,0,73,24,1,5,5,1,58
5,0,38,13,0,1,5,0,23
2,1,53,11,0,1,5,0,38
7,0,50,12,0,6,7,0,35
7,1,15,11,0,8,7,1,0
2,1,49,20,0,9,8,1,34
6,0,36,18,1,9,7,0,21
8,1,47,12,0,6,5,1,32
5,1,73,11,1,1,5,0,58
8,0,69,15,0,5,5,0,54
0,0,36,15,1,1,3,1,21
10,0,23,15,0,7,2,0,8
4,1,77,13,1,9,6,1,62
7,1,49,17,0,10,7,0,34
3,1,72,9,0,1,6,0,57
5,1,80,9,1,,5,1,65
6,1,73,10,0,5,6,1,58
8,1,65,6,1,5,8,0,50
6,0,31,16,0,,3,0,16
8,1,40,17,0,10,7,1,25
3,0,43,16,0,,7,0,28
5,0,34,12,0,1,5,0,19
5,0,80,10,0,1,6,1,65
3,1,80,9,0,3,8,0,65
8,0,73,17,0,2,8,1,58
5,0,29,18,0,7,7,1,14
0,1,56,12,1,8,5,0,41
8,1,65,15,1,8,7,1,50
10,0,75,12,1,3,3,1,60
5,0,21,14,0,5,5,0,6
2,1,29,12,0,4,4,0,14
6,0,20,12,0,1,4,0,5
8,1,84,10,,,8,1,69
9,0,29,16,1,10,5,1,14
10,0,36,18,1,8,7,1,21
7,1,,20,0,,6,1,
5,1,57,12,1,,8,1,42
7,1,65,10,0,1,5,0,50
7,0,64,20,0,2,10,1,49
5,0,64,11,1,,8,1,49
7,1,80,10,1,4,8,1,65
4,1,72,18,0,,6,0,57
3,0,46,18,0,10,4,1,31
4,0,38,13,0,6,4,0,23
3,1,34,17,1,10,4,0,19
10,1,34,18,0,1,4,1,19
6,0,81,10,0,1,7,1,66
9,1,81,17,0,,8,1,66
6,0,50,13,0,4,6,0,35
8,1,19,14,0,,8,0,4
5,0,45,11,1,6,7,1,30
7,0,54,13,0,2,5,1,39
6,1,52,11,1,3,4,1,37
4,0,44,16,1,3,0,1,29
9,1,38,15,0,1,9,1,23
4,0,31,13,0,8,7,0,16
7,1,77,15,1,3,7,1,62
8,1,70,16,1,2,6,1,55
3,0,43,16,0,8,6,0,28
10,1,67,15,0,,8,0,52
5,0,75,13,0,2,4,0,60
5,0,81,13,1,3,8,0,66
4,0,49,11,1,4,2,1,34
0,1,44,0,0,4,4,0,29
5,0,61,14,1,3,5,0,46
5,0,30,12,0,2,3,1,15
9,0,36,15,1,7,7,1,21
3,1,59,10,1,2,6,0,44
1,1,28,11,0,5,4,0,13
2,1,65,10,1,3,6,1,50
8,0,55,22,1,2,6,0,40
10,1,60,10,0,10,4,1,45
7,1,79,18,0,8,5,1,64
,0,29,12,0,,7,0,14
9,1,64,11,1,1,3,1,49
8,1,66,12,0,8,8,0,51
8,1,34,19,0,10,8,0,19
4,0,81,15,1,3,5,1,66
2,0,43,16,1,2,6,1,28
4,0,24,11,0,,5,0,9
4,1,42,10,0,2,3,0,27
5,0,47,22,1,10,7,0,32
1,1,68,11,1,3,5,1,53
8,0,71,18,0,4,8,1,56
10,1,62,14,1,10,4,0,47
3,0,73,10,0,4,3,1,58
9,0,45,21,0,9,8,1,30
2,0,38,11,0,2,2,0,23
6,0,55,11,1,5,5,1,40
8,1,75,11,1,3,10,1,60
7,1,56,14,0,2,7,0,41
2,1,52,10,0,5,3,0,37
6,0,77,11,0,4,5,1,62
2,1,27,17,0,3,6,1,12
2,0,61,12,1,5,6,1,46
3,0,49,13,0,2,5,0,34
7,1,79,16,1,2,5,1,64
6,1,17,12,0,2,3,0,2
3,1,51,10,1,4,1,1,36
8,0,36,18,0,10,8,0,21
5,1,53,11,0,,6,1,38
4,0,69,12,0,1,10,0,54
6,0,86,12,0,3,5,1,71
5,0,25,18,1,9,5,1,10
8,1,69,11,1,5,9,0,54
7,0,51,16,1,6,7,1,36
4,1,79,17,1,2,8,1,64
2,1,75,20,1,4,8,1,60
3,1,36,19,1,7,4,1,21
4,1,29,12,1,8,6,0,14
8,0,73,10,0,,6,1,58
4,0,44,16,0,4,6,1,29
7,1,76,10,1,4,9,1,61
5,0,51,16,0,6,3,1,36
4,1,71,21,1,6,6,1,56
5,0,21,13,0,2,5,0,6
7,1,46,12,1,3,4,0,31
5,1,34,11,0,,3,0,19
7,1,67,18,1,5,4,1,52
0,0,59,11,0,1,2,0,44
5,0,37,14,0,,0,0,22
6,0,44,13,0,8,4,0,29
3,0,27,17,1,3,0,0,12
4,0,43,5,0,7,1,0,28
4,0,42,10,0,3,5,1,27
7,0,51,16,1,10,6,0,36
9,0,42,16,0,,8,1,27
5,0,64,12,1,7,7,1,49
5,0,55,11,1,9,5,0,40
5,1,92,14,1,7,8,1,77
7,1,57,11,0,8,0,1,42
8,1,60,8,0,,5,1,45
3,1,63,12,1,1,5,1,48
3,0,81,13,1,7,8,1,66
0,1,55,22,1,1,0,0,40
0,0,65,10,0,8,0,1,50
4,0,74,10,0,,5,0,59
8,0,26,18,0,1,4,0,11
4,0,73,16,1,,7,1,58
2,1,52,12,1,9,4,0,37
6,0,17,14,0,2,7,0,2
7,1,71,20,1,3,7,1,56
3,1,64,11,1,1,5,1,49
8,0,60,10,1,2,7,1,45
8,1,59,13,0,9,8,1,44
0,0,23,10,0,1,2,1,8
8,0,37,20,0,4,3,1,22
,0,43,12,0,,,0,28
3,0,51,20,0,3,7,0,36
4,1,70,11,0,1,0,1,55
2,0,49,13,1,2,3,1,34
4,1,25,13,0,,6,0,10
5,0,50,11,0,,5,0,35
0,0,54,12,1,,0,0,39
10,1,66,9,1,7,5,1,51
3,0,29,14,0,5,5,0,14
6,0,63,15,0,2,6,0,48
3,0,68,12,1,3,3,0,53
2,1,87,23,1,7,7,1,72
4,0,63,10,0,1,0,1,48
3,1,,14,0,2,4,1,
7,1,62,20,1,6,7,1,47
4,1,50,14,0,,5,1,35
5,1,70,12,1,9,5,1,55
3,1,72,18,0,9,8,0,57
7,0,47,27,1,10,4,1,32
6,1,46,13,1,9,2,1,31
,0,19,13,0,,2,,4
6,0,45,17,0,10,9,0,30
7,0,34,13,0,8,6,1,19
3,1,40,10,1,2,4,0,25
3,0,37,14,1,3,5,0,22
5,0,32,11,0,4,5,0,17
4,1,23,15,0,7,7,0,8
4,1,76,16,1,8,8,1,61
7,1,31,12,0,,0,1,16
0,1,61,9,1,2,5,1,46
7,1,86,10,0,8,5,0,71
3,0,71,20,1,3,8,1,56
5,1,72,10,1,5,6,0,57
,1,18,12,0,,5,0,3
8,1,69,21,1,10,3,1,54
,0,54,10,0,1,0,0,39
6,0,58,12,0,5,5,0,43
0,1,71,10,1,3,0,1,56
3,1,29,14,0,2,2,1,14
6,0,46,15,1,10,7,1,31
9,1,94,9,1,1,5,1,79
3,1,57,13,1,8,6,1,42
0,0,25,12,0,1,4,1,10
5,1,78,14,1,1,7,1,63
1,0,50,12,0,8,1,0,35
5,0,36,11,0,6,8,0,21
2,1,44,14,1,5,4,1,29
5,1,21,12,0,10,3,0,6
5,0,82,9,0,,6,0,67
7,0,75,11,0,1,3,0,60
5,0,60,21,1,8,7,1,45
8,1,23,11,0,4,5,1,8
6,0,66,11,0,2,4,0,51
4,1,67,19,1,8,6,1,52
5,1,30,9,0,1,5,0,15
8,0,66,13,0,6,8,0,51
8,1,30,22,0,,7,0,15
8,1,70,10,1,2,3,1,55
2,0,52,18,1,5,7,0,37
5,0,54,11,1,2,5,0,39
7,1,91,9,1,,9,1,76
2,1,43,12,0,,0,0,28
7,0,22,14,0,1,7,0,7
10,1,70,14,1,7,8,1,55
0,0,68,10,1,,0,1,53
3,0,69,10,1,,4,1,54
7,0,72,20,1,,7,1,57
5,0,71,15,1,2,5,1,56
7,0,55,18,0,,7,0,40
10,1,40,16,0,1,3,1,25
6,0,17,12,0,3,4,0,2
0,1,50,14,1,10,4,0,35
1,0,21,14,0,,0,0,6
8,0,24,19,0,5,5,1,9
3,0,46,11,0,,3,1,31
9,1,35,11,0,3,5,0,20
7,1,58,11,0,8,7,0,43
6,1,62,17,1,9,7,1,47
7,1,30,15,0,10,4,0,15
8,1,69,12,1,4,8,1,54
6,0,48,16,1,7,6,0,33
5,0,24,12,0,3,4,0,9
2,0,40,15,0,9,6,0,25
7,1,51,12,0,4,7,1,36
5,1,47,10,0,6,2,1,32
6,1,54,16,1,,8,1,39
,0,75,10,1,,2,0,60
0,0,64,12,1,3,5,0,49
6,1,49,11,0,8,4,0,34
5,0,26,18,1,4,4,0,11
3,0,40,16,1,7,4,1,25
2,0,53,11,0,1,0,0,38
9,0,34,,0,7,6,0,19
6,0,36,15,0,7,10,1,21
,1,38,11,0,3,5,1,23
7,1,32,12,1,7,6,1,17
9,1,17,12,0,,8,0,2
8,0,61,11,0,2,6,0,46
6,0,35,17,0,5,4,0,20
6,0,56,9,0,1,0,0,41
3,0,41,11,1,9,5,0,26
2,1,39,13,0,,4,1,24
3,0,72,14,0,8,8,0,57
7,0,81,16,0,,5,1,66
4,1,68,10,1,,5,1,53
9,1,37,17,1,8,8,1,22
0,1,28,16,1,8,3,0,13
6,0,53,16,1,8,3,1,38
8,0,69,10,0,,8,0,54
8,0,35,16,0,6,7,0,20
7,0,32,14,0,,6,1,17
,0,25,12,1,7,5,0,10
6,0,25,17,1,,10,1,10
5,0,20,15,0,4,4,0,5
6,0,56,13,1,7,8,0,41
7,1,60,16,1,10,5,1,45
4,0,74,22,1,,0,1,59
3,0,31,12,0,5,4,0,16
6,0,61,11,1,2,1,1,46
7,0,65,12,1,1,5,0,50
6,0,63,11,1,1,5,1,48
7,1,82,14,0,6,8,1,67
6,1,42,16,0,7,7,1,27
4,1,51,15,0,5,2,0,36
4,1,59,9,1,4,6,1,44
1,1,30,17,1,8,7,1,15
8,0,36,17,0,5,7,1,21
5,0,79,10,0,1,3,1,64
5,0,24,18,0,7,3,0,9
0,1,68,10,0,1,8,0,53
7,0,37,23,1,8,8,1,22
7,0,65,10,0,2,7,0,50
2,1,55,16,1,,5,1,40
6,1,45,17,1,10,6,0,30
8,1,48,20,0,9,6,1,33
2,0,59,9,1,2,5,1,44
7,0,72,18,1,5,5,1,57
6,1,46,16,0,7,8,1,31
4,1,79,11,1,1,3,1,64
8,1,75,16,1,6,2,1,60
6,1,39,19,1,9,7,1,24
3,0,75,9,0,4,5,0,60
2,1,24,15,0,,5,1,9
6,0,85,9,1,,4,1,70
9,1,42,13,0,6,5,0,27
3,1,27,19,1,9,8,0,12
0,1,63,9,1,2,7,1,48
9,1,51,14,0,,7,1,36
9,0,63,12,1,5,6,1,48
4,0,34,17,0,9,4,0,19
4,0,64,9,0,9,7,1,49
8,1,29,22,0,1,6,1,14
4,0,53,13,0,,6,0,38
4,0,59,9,1,2,5,1,44
7,0,76,10,0,,7,0,61
5,0,40,14,1,7,3,0,25
3,1,76,17,1,4,5,0,61
6,1,49,17,0,9,8,1,34
5,0,48,13,0,3,8,0,33
8,1,77,12,0,7,1,1,62
2,0,56,12,1,7,2,0,41
0,0,47,10,0,2,5,0,32
0,1,,,,,5,1,
7,0,47,18,0,,8,0,32
3,1,87,10,1,2,3,1,72
3,0,61,10,1,7,3,1,46
4,0,75,10,0,2,7,0,60
8,1,61,11,1,7,7,1,46
8,0,18,12,0,,4,1,3
3,0,51,11,0,6,2,0,36
7,0,25,19,0,1,3,1,10
5,1,46,16,0,1,5,1,31
8,1,30,20,0,9,5,1,15
10,1,44,21,0,10,7,0,29
5,0,40,13,1,4,5,0,25
4,0,72,11,1,3,6,1,57
,0,51,11,0,,3,0,36
0,0,44,13,0,3,5,1,29
1,1,53,12,1,1,2,1,38
5,1,18,13,0,,5,0,3
4,1,42,19,0,10,7,1,27
5,0,41,18,0,,8,0,26
0,0,63,10,0,,0,0,48
5,1,34,17,0,10,5,0,19
3,0,63,9,1,3,3,1,48
5,0,59,12,0,4,3,0,44
2,1,48,11,0,,5,0,33
4,0,36,25,0,2,3,1,21
5,0,83,19,0,9,3,1,68
8,0,73,14,0,,8,0,58
5,0,49,12,1,2,5,0,34
6,1,34,15,0,4,3,0,19
,1,20,11,0,,5,0,5
6,1,31,16,1,2,7,1,16
4,0,48,20,1,8,6,0,33
7,1,68,10,1,4,4,1,53
2,0,80,10,1,1,5,0,65
5,1,64,14,1,5,7,1,49
4,0,49,15,0,10,5,1,34
9,1,46,16,1,10,8,1,31
7,1,44,13,1,9,7,1,29
5,1,73,16,0,8,7,1,58
3,0,36,13,0,2,7,0,21
7,1,44,23,1,3,3,0,29
0,0,71,11,1,1,5,0,56
3,0,57,11,1,1,5,1,42
6,1,85,11,1,1,5,1,70
,1,57,9,0,2,6,0,42
0,1,31,11,1,7,3,0,16
4,0,34,20,1,9,7,1,19
1,1,69,12,0,,0,1,54
3,0,52,11,1,1,4,1,37
5,0,79,10,1,1,5,1,64
6,0,47,16,0,5,2,1,32
7,0,32,20,0,1,7,0,17
5,0,55,11,0,6,5,0,40
7,0,52,22,1,8,7,1,37
5,0,41,18,1,2,6,1,26
4,1,37,17,0,10,5,0,22
5,0,86,10,0,1,6,1,71
5,0,66,6,1,2,1,1,51
7,0,24,17,1,9,7,1,9
7,1,36,17,0,10,5,1,21
10,1,28,7,0,2,3,0,13
9,0,18,11,0,2,4,0,3
10,0,66,11,0,7,6,0,51
8,1,64,12,0,2,2,0,49
5,0,31,14,0,4,8,0,16
5,0,69,12,0,1,7,1,54
8,1,41,15,0,6,6,0,26
5,1,57,11,0,,5,0,42
4,1,75,10,1,2,8,1,60
1,1,65,13,1,,4,1,50
5,1,36,15,0,,5,0,21
8,1,35,10,0,,8,1,20
4,0,32,12,0,1,5,0,17
9,1,19,12,0,1,5,0,4
,0,27,11,0,,6,0,12
0,0,53,8,0,2,2,1,38
4,0,78,10,0,1,7,1,63
3,1,49,12,1,9,5,0,34
6,1,75,12,1,7,10,1,60
6,0,63,12,0,7,5,1,48
6,1,67,16,1,6,3,0,52
8,0,30,17,1,8,8,1,15
4,0,43,14,0,10,8,1,28
7,0,27,18,0,6,6,0,12
0,1,54,11,0,4,10,1,39
4,1,80,10,1,8,8,1,65
8,0,75,13,0,4,5,1,60
6,0,49,20,0,3,5,0,34
2,0,46,20,1,7,7,1,31
6,1,44,13,1,4,6,0,29
8,1,57,18,1,9,6,0,42
8,0,66,14,1,3,6,1,51
3,1,40,15,0,6,7,1,25
8,1,87,7,1,1,3,1,72
